{
  "best_parameters": {
    "embedding_dim": 100,
    "num_negatives": 1,
    "learning_rate": 0.001,
    "batch_size": 256,
    "early_stopping": true,
    "patience": 5,
    "relative_delta": 0.002,
    "num_epochs": 100
  },
  "metrics": {
    "mean_reciprocal_rank": 0.02470307983458042,
    "hits_at_1": 0.0010775862068965517,
    "hits_at_3": 0.02478448275862069,
    "hits_at_10": 0.06573275862068965
  }
}