{
  "best_parameters": {
    "embedding_dim": 100,
    "num_negatives": 1,
    "learning_rate": 0.001,
    "batch_size": 256,
    "early_stopping": true,
    "patience": 5,
    "relative_delta": 0.002,
    "num_epochs": 100
  },
  "metrics": {
    "head": {
      "optimistic": {
        "inverse_harmonic_mean_rank": 0.02667093323387464,
        "hits_at_10": 0.07004310344827586,
        "variance": 445278.5818779727,
        "z_arithmetic_mean_rank": 32.63230694124462,
        "adjusted_arithmetic_mean_rank": 0.38174710393595107,
        "standard_deviation": 667.2919764825385,
        "inverse_median_rank": 0.0036968576709796672,
        "inverse_geometric_mean_rank": 0.004710964417187383,
        "median_rank": 270.5,
        "z_geometric_mean_rank": 24.68081251439293,
        "harmonic_mean_rank": 37.49400109966547,
        "arithmetic_mean_rank": 561.4956896551724,
        "z_inverse_harmonic_mean_rank": 30.83988041143805,
        "geometric_mean_rank": 212.27076060086998,
        "count": 928.0,
        "adjusted_geometric_mean_rank_index": 0.8049589191467519,
        "adjusted_inverse_harmonic_mean_rank": 0.023828170642983048,
        "median_absolute_deviation": 351.37672578582766,
        "inverse_arithmetic_mean_rank": 0.0017809575717564693,
        "adjusted_arithmetic_mean_rank_index": 0.6186735169659274,
        "hits_at_1": 0.004310344827586207,
        "hits_at_3": 0.015086206896551725,
        "hits_at_5": 0.036637931034482756,
        "z_hits_at_k": 34.873148592600224,
        "adjusted_hits_at_k": 0.06686995398788065
      },
      "realistic": {
        "inverse_harmonic_mean_rank": 0.02667093463242054,
        "hits_at_10": 0.07004310344827586,
        "variance": 445278.59375,
        "z_arithmetic_mean_rank": 32.632307772023964,
        "adjusted_arithmetic_mean_rank": 0.3817470881959748,
        "standard_deviation": 667.2919921875,
        "inverse_median_rank": 0.0036968577187508345,
        "inverse_geometric_mean_rank": 0.004710962995886803,
        "median_rank": 270.5,
        "z_geometric_mean_rank": 24.680810599626334,
        "harmonic_mean_rank": 37.49399948120117,
        "arithmetic_mean_rank": 561.4956665039062,
        "z_inverse_harmonic_mean_rank": 30.8398822268086,
        "geometric_mean_rank": 212.2708282470703,
        "count": 928.0,
        "adjusted_geometric_mean_rank_index": 0.8049588566970878,
        "adjusted_inverse_harmonic_mean_rank": 0.023828172045613626,
        "median_absolute_deviation": 351.3767395019531,
        "inverse_arithmetic_mean_rank": 0.0017809576820582151,
        "adjusted_arithmetic_mean_rank_index": 0.6186735327166122,
        "hits_at_1": 0.004310344827586207,
        "hits_at_3": 0.015086206896551725,
        "hits_at_5": 0.036637931034482756,
        "z_hits_at_k": 34.873148592600224,
        "adjusted_hits_at_k": 0.06686995398788065
      },
      "pessimistic": {
        "inverse_harmonic_mean_rank": 0.02667093323387464,
        "hits_at_10": 0.07004310344827586,
        "variance": 445278.5818779727,
        "z_arithmetic_mean_rank": 32.63230694124462,
        "adjusted_arithmetic_mean_rank": 0.38174710393595107,
        "standard_deviation": 667.2919764825385,
        "inverse_median_rank": 0.0036968576709796672,
        "inverse_geometric_mean_rank": 0.004710964417187383,
        "median_rank": 270.5,
        "z_geometric_mean_rank": 24.68081251439293,
        "harmonic_mean_rank": 37.49400109966547,
        "arithmetic_mean_rank": 561.4956896551724,
        "z_inverse_harmonic_mean_rank": 30.83988041143805,
        "geometric_mean_rank": 212.27076060086998,
        "count": 928.0,
        "adjusted_geometric_mean_rank_index": 0.8049589191467519,
        "adjusted_inverse_harmonic_mean_rank": 0.023828170642983048,
        "median_absolute_deviation": 351.37672578582766,
        "inverse_arithmetic_mean_rank": 0.0017809575717564693,
        "adjusted_arithmetic_mean_rank_index": 0.6186735169659274,
        "hits_at_1": 0.004310344827586207,
        "hits_at_3": 0.015086206896551725,
        "hits_at_5": 0.036637931034482756,
        "z_hits_at_k": 34.873148592600224,
        "adjusted_hits_at_k": 0.06686995398788065
      }
    },
    "tail": {
      "optimistic": {
        "inverse_harmonic_mean_rank": 0.016832061500885558,
        "hits_at_10": 0.034482758620689655,
        "variance": 786153.7179650341,
        "z_arithmetic_mean_rank": 13.39894062722437,
        "adjusted_arithmetic_mean_rank": 0.7461162833536722,
        "standard_deviation": 886.653098999284,
        "inverse_median_rank": 0.0010775862068965517,
        "inverse_geometric_mean_rank": 0.0018389326213182804,
        "median_rank": 928.0,
        "z_geometric_mean_rank": 15.238009351678699,
        "harmonic_mean_rank": 59.41042931356855,
        "arithmetic_mean_rank": 1093.3469827586207,
        "z_inverse_harmonic_mean_rank": 18.020181843481293,
        "geometric_mean_rank": 543.7937140313098,
        "count": 928.0,
        "adjusted_geometric_mean_rank_index": 0.49697583909308585,
        "adjusted_inverse_harmonic_mean_rank": 0.013950516775828072,
        "median_absolute_deviation": 1097.1256416941455,
        "inverse_arithmetic_mean_rank": 0.0009146227279805564,
        "adjusted_arithmetic_mean_rank_index": 0.254057088991967,
        "hits_at_1": 0.004310344827586207,
        "hits_at_3": 0.01293103448275862,
        "hits_at_5": 0.021551724137931036,
        "z_hits_at_k": 16.22581407449986,
        "adjusted_hits_at_k": 0.031175160204502592
      },
      "realistic": {
        "inverse_harmonic_mean_rank": 0.01683206297457218,
        "hits_at_10": 0.034482758620689655,
        "variance": 786153.75,
        "z_arithmetic_mean_rank": 13.39894274960961,
        "adjusted_arithmetic_mean_rank": 0.7461162431386232,
        "standard_deviation": 886.6531372070312,
        "inverse_median_rank": 0.0010775862028822303,
        "inverse_geometric_mean_rank": 0.001838932279497385,
        "median_rank": 928.0,
        "z_geometric_mean_rank": 15.238006248456358,
        "harmonic_mean_rank": 59.410423278808594,
        "arithmetic_mean_rank": 1093.346923828125,
        "z_inverse_harmonic_mean_rank": 18.02018375265312,
        "geometric_mean_rank": 543.7938232421875,
        "count": 928.0,
        "adjusted_geometric_mean_rank_index": 0.4969757378838996,
        "adjusted_inverse_harmonic_mean_rank": 0.01395051825383389,
        "median_absolute_deviation": 1097.1256103515625,
        "inverse_arithmetic_mean_rank": 0.0009146227966994047,
        "adjusted_arithmetic_mean_rank_index": 0.254057129234478,
        "hits_at_1": 0.004310344827586207,
        "hits_at_3": 0.01293103448275862,
        "hits_at_5": 0.021551724137931036,
        "z_hits_at_k": 16.22581407449986,
        "adjusted_hits_at_k": 0.031175160204502592
      },
      "pessimistic": {
        "inverse_harmonic_mean_rank": 0.016832061500885558,
        "hits_at_10": 0.034482758620689655,
        "variance": 786153.7179650341,
        "z_arithmetic_mean_rank": 13.39894062722437,
        "adjusted_arithmetic_mean_rank": 0.7461162833536722,
        "standard_deviation": 886.653098999284,
        "inverse_median_rank": 0.0010775862068965517,
        "inverse_geometric_mean_rank": 0.0018389326213182804,
        "median_rank": 928.0,
        "z_geometric_mean_rank": 15.238009351678699,
        "harmonic_mean_rank": 59.41042931356855,
        "arithmetic_mean_rank": 1093.3469827586207,
        "z_inverse_harmonic_mean_rank": 18.020181843481293,
        "geometric_mean_rank": 543.7937140313098,
        "count": 928.0,
        "adjusted_geometric_mean_rank_index": 0.49697583909308585,
        "adjusted_inverse_harmonic_mean_rank": 0.013950516775828072,
        "median_absolute_deviation": 1097.1256416941455,
        "inverse_arithmetic_mean_rank": 0.0009146227279805564,
        "adjusted_arithmetic_mean_rank_index": 0.254057088991967,
        "hits_at_1": 0.004310344827586207,
        "hits_at_3": 0.01293103448275862,