{
  "best_parameters": {
    "embedding_dim": 100,
    "num_negatives": 1,
    "learning_rate": 0.001,
    "batch_size": 256,
    "early_stopping": true,
    "patience": 5,
    "relative_delta": 0.002,
    "num_epochs": 100,
    "regularizer_weight": 0.1
  },
  "metrics": {
    "head": {
      "optimistic": {
        "inverse_harmonic_mean_rank": 0.1342826910265926,
        "hits_at_10": 0.1411637931034483,
        "variance": 892101.2640271998,
        "z_arithmetic_mean_rank": 7.530886419214568,
        "adjusted_arithmetic_mean_rank": 0.8573195338498126,
        "standard_deviation": 944.5111243533344,
        "inverse_median_rank": 0.0008333333333333334,
        "inverse_geometric_mean_rank": 0.002441675572759922,
        "median_rank": 1200.0,
        "z_geometric_mean_rank": 19.095944196608393,
        "harmonic_mean_rank": 7.446976169117474,
        "arithmetic_mean_rank": 1260.926724137931,
        "z_inverse_harmonic_mean_rank": 170.5196339312525,
        "geometric_mean_rank": 409.5548201228309,
        "count": 928.0,
        "adjusted_geometric_mean_rank_index": 0.6228096043829715,
        "adjusted_inverse_harmonic_mean_rank": 0.13175410377863456,
        "median_absolute_deviation": 1291.3465323183793,
        "inverse_arithmetic_mean_rank": 0.0007930674961970363,
        "adjusted_arithmetic_mean_rank_index": 0.14277754235113504,
        "hits_at_1": 0.12931034482758622,
        "hits_at_3": 0.13469827586206898,
        "hits_at_5": 0.13685344827586207,
        "z_hits_at_k": 72.08758889034121,
        "adjusted_hits_at_k": 0.13823315774893108
      },
      "realistic": {
        "inverse_harmonic_mean_rank": 0.1342826932668686,
        "hits_at_10": 0.1411637931034483,
        "variance": 892101.25,
        "z_arithmetic_mean_rank": 7.530885210742838,
        "adjusted_arithmetic_mean_rank": 0.8573195567455648,
        "standard_deviation": 944.5111083984375,
        "inverse_median_rank": 0.0008333333535119891,
        "inverse_geometric_mean_rank": 0.0024416763335466385,
        "median_rank": 1200.0,
        "z_geometric_mean_rank": 19.095947950782556,
        "harmonic_mean_rank": 7.446976184844971,
        "arithmetic_mean_rank": 1260.9267578125,
        "z_inverse_harmonic_mean_rank": 170.5196368391454,
        "geometric_mean_rank": 409.5546875,
        "count": 928.0,
        "adjusted_geometric_mean_rank_index": 0.6228097268244546,
        "adjusted_inverse_harmonic_mean_rank": 0.13175410602545395,
        "median_absolute_deviation": 1291.3465576171875,
        "inverse_arithmetic_mean_rank": 0.0007930674473755062,
        "adjusted_arithmetic_mean_rank_index": 0.1427775194398051,
        "hits_at_1": 0.12931034482758622,
        "hits_at_3": 0.13469827586206898,
        "hits_at_5": 0.13685344827586207,
        "z_hits_at_k": 72.08758889034121,
        "adjusted_hits_at_k": 0.13823315774893108
      },
      "pessimistic": {
        "inverse_harmonic_mean_rank": 0.1342826910265926,
        "hits_at_10": 0.1411637931034483,
        "variance": 892101.2640271998,
        "z_arithmetic_mean_rank": 7.530886419214568,
        "adjusted_arithmetic_mean_rank": 0.8573195338498126,
        "standard_deviation": 944.5111243533344,
        "inverse_median_rank": 0.0008333333333333334,
        "inverse_geometric_mean_rank": 0.002441675572759922,
        "median_rank": 1200.0,
        "z_geometric_mean_rank": 19.095944196608393,
        "harmonic_mean_rank": 7.446976169117474,
        "arithmetic_mean_rank": 1260.926724137931,
        "z_inverse_harmonic_mean_rank": 170.5196339312525,
        "geometric_mean_rank": 409.5548201228309,
        "count": 928.0,
        "adjusted_geometric_mean_rank_index": 0.6228096043829715,
        "adjusted_inverse_harmonic_mean_rank": 0.13175410377863456,
        "median_absolute_deviation": 1291.3465323183793,
        "inverse_arithmetic_mean_rank": 0.0007930674961970363,
        "adjusted_arithmetic_mean_rank_index": 0.14277754235113504,
        "hits_at_1": 0.12931034482758622,
        "hits_at_3": 0.13469827586206898,
        "hits_at_5": 0.13685344827586207,
        "z_hits_at_k": 72.08758889034121,
        "adjusted_hits_at_k": 0.13823315774893108
      }
    },
    "tail": {
      "optimistic": {
        "inverse_harmonic_mean_rank": 0.09444596468628366,
        "hits_at_10": 0.13685344827586207,
        "variance": 897863.193129459,
        "z_arithmetic_mean_rank": 7.987259750686327,
        "adjusted_arithmetic_mean_rank": 0.8486614615250095,
        "standard_deviation": 947.5564326885544,
        "inverse_median_rank": 0.0008385744234800838,
        "inverse_geometric_mean_rank": 0.0023329626486279635,
        "median_rank": 1192.5,
        "z_geometric_mean_rank": 18.520105155616946,
        "harmonic_mean_rank": 10.588064861443778,
        "arithmetic_mean_rank": 1244.6077586206898,
        "z_inverse_harmonic_mean_rank": 118.62281934056074,
        "geometric_mean_rank": 428.63952433533774,
        "count": 928.0,
        "adjusted_geometric_mean_rank_index": 0.6040210301089463,
        "adjusted_inverse_harmonic_mean_rank": 0.09179390977540082,
        "median_absolute_deviation": 1291.3465323183793,
        "inverse_arithmetic_mean_rank": 0.0008034659860293887,
        "adjusted_arithmetic_mean_rank_index": 0.1514418021902394,
        "hits_at_1": 0.07112068965517242,
        "hits_at_3": 0.10560344827586207,
        "hits_at_5": 0.12176724137931035,
        "z_hits_at_k": 69.72089928120346,
        "adjusted_hits_at_k": 0.1338990970735203
      },
      "realistic": {
        "inverse_harmonic_mean_rank": 0.09444595873355865,
        "hits_at_10": 0.13685344827586207,
        "variance": 897863.1875,
        "z_arithmetic_mean_rank": 7.987258690309211,
        "adjusted_arithmetic_mean_rank": 0.8486614816164962,
        "standard_deviation": 947.5564575195312,
        "inverse_median_rank": 0.0008385744295082986,
        "inverse_geometric_mean_rank": 0.002332962118089199,
        "median_rank": 1192.5,
        "z_geometric_mean_rank": 18.520102498626535,
        "harmonic_mean_rank": 10.588065147399902,
        "arithmetic_mean_rank": 1244.6077880859375,
        "z_inverse_harmonic_mean_rank": 118.6228116254843,
        "geometric_mean_rank": 428.6396179199219,
        "count": 928.0,
        "adjusted_geometric_mean_rank_index": 0.6040209434529542,
        "adjusted_inverse_harmonic_mean_rank": 0.09179390380524234,
        "median_absolute_deviation": 1291.3465576171875,
        "inverse_arithmetic_mean_rank": 0.0008034659549593925,
        "adjusted_arithmetic_mean_rank_index": 0.15144178208504355,
        "hits_at_1": 0.07112068965517242,
        "hits_at_3": 0.10560344827586207,
        "hits_at_5": 0.12176724137931035,
        "z_hits_at_k": 69.72089928120346,
        "adjusted_hits_at_k": 0.1338990970735203
      },
      "pessimistic": {
        "inverse_harmonic_mean_rank": 0.09444596468628366,
        "hits_at_10": 0.13685344827586207,
        "variance": 897863.193129459,
        "z_arithmetic_mean_rank": 7.987259750686327,
        "adjusted_arithmetic_mean_rank": 0.8486614615250095,
        "standard_deviation": 947.5564326885544,
        "inverse_median_rank": 0.0008385744234800838,
        "inverse_geometric_mean_rank": 0.0023329626486279635,
        "median_rank": 1192.5,
        "z_geometric_mean_rank": 18.520105155616946,
        "harmonic_mean_rank": 10.588064861443778,
        "arithmetic_mean_rank": 1244.6077586206898,
        "z_inverse_harmonic_mean_rank": 118.62281934056074,
        "geometric_mean_rank": 428.63952433533774,
        "count": 928.0,
        "adjusted_geometric_mean_rank_index": 0.6040210301089463,
        "adjusted_inverse_harmonic_mean_rank": 0.09179390977540082,
        "median_absolute_deviation": 1291.3465323183793,
        "inverse_arithmetic_mean_rank": 0.0008034659860293887,
        "adjusted_arithmetic_mean_rank_index": 0.1514418021902394,
        "hits_at_1": 0.07112068965517242,
        "hits_at_3": 0.10560344827586207,