{
  "best_parameters": {
    "embedding_dim": 100,
    "num_negatives": 1,
    "learning_rate": 0.001,
    "batch_size": 256,
    "early_stopping": true,
    "patience": 5,
    "relative_delta": 0.002,
    "num_epochs": 100,
    "regularizer_weight": 0.1
  },
  "metrics": {
    "mean_reciprocal_rank": 0.12704944610595703,
    "hits_at_1": 0.11584051724137931,
    "hits_at_3": 0.12877155172413793,
    "hits_at_10": 0.14385775862068967
  }
}