{
  "best_parameters": {
    "embedding_dim": 100,
    "num_negatives": 1,
    "learning_rate": 0.001,
    "batch_size": 256,
    "early_stopping": true,
    "patience": 5,
    "relative_delta": 0.002,
    "num_epochs": 100,
    "scoring_fct_norm": 2
  },
  "metrics": {
    "head": {
      "optimistic": {
        "inverse_harmonic_mean_rank": 0.0667414399962245,
        "hits_at_10": 0.10452586206896551,
        "variance": 636571.747919144,
        "z_arithmetic_mean_rank": 35.82972570458933,
        "adjusted_arithmetic_mean_rank": 0.3211686746546615,
        "standard_deviation": 797.8544653751986,
        "inverse_median_rank": 0.007272727272727273,
        "inverse_geometric_mean_rank": 0.008544123641703876,
        "median_rank": 137.5,
        "z_geometric_mean_rank": 27.37641161511186,
        "harmonic_mean_rank": 14.98319484950533,
        "arithmetic_mean_rank": 472.3965517241379,
        "z_inverse_harmonic_mean_rank": 82.85334939539358,
        "geometric_mean_rank": 117.03950480292666,
        "count": 928.0,
        "adjusted_geometric_mean_rank_index": 0.8928752770668524,
        "adjusted_inverse_harmonic_mean_rank": 0.06401572553958308,
        "median_absolute_deviation": 126.02118857297617,
        "inverse_arithmetic_mean_rank": 0.002116865579035731,
        "adjusted_arithmetic_mean_rank_index": 0.6792931570038057,
        "hits_at_1": 0.04310344827586207,
        "hits_at_3": 0.05387931034482758,
        "hits_at_5": 0.07004310344827586,
        "z_hits_at_k": 52.91769351104384,
        "adjusted_hits_at_k": 0.10147039294358001
      },
      "realistic": {
        "inverse_harmonic_mean_rank": 0.066741444170475,
        "hits_at_10": 0.10452586206896551,
        "variance": 636571.75,
        "z_arithmetic_mean_rank": 35.82972593116401,
        "adjusted_arithmetic_mean_rank": 0.321168670361969,
        "standard_deviation": 797.8544921875,
        "inverse_median_rank": 0.007272727321833372,
        "inverse_geometric_mean_rank": 0.00854412093758583,
        "median_rank": 137.5,
        "z_geometric_mean_rank": 27.376410745582607,
        "harmonic_mean_rank": 14.983194351196289,
        "arithmetic_mean_rank": 472.39654541015625,
        "z_inverse_harmonic_mean_rank": 82.8533548137613,
        "geometric_mean_rank": 117.03953552246094,
        "count": 928.0,
        "adjusted_geometric_mean_rank_index": 0.8928752487073588,
        "adjusted_inverse_harmonic_mean_rank": 0.06401572972602508,
        "median_absolute_deviation": 126.02119445800781,
        "inverse_arithmetic_mean_rank": 0.002116865711286664,
        "adjusted_arithmetic_mean_rank_index": 0.6792931612994186,
        "hits_at_1": 0.04310344827586207,
        "hits_at_3": 0.05387931034482758,
        "hits_at_5": 0.07004310344827586,
        "z_hits_at_k": 52.91769351104384,
        "adjusted_hits_at_k": 0.10147039294358001
      },
      "pessimistic": {
        "inverse_harmonic_mean_rank": 0.0667414399962245,
        "hits_at_10": 0.10452586206896551,
        "variance": 636571.747919144,
        "z_arithmetic_mean_rank": 35.82972570458933,
        "adjusted_arithmetic_mean_rank": 0.3211686746546615,
        "standard_deviation": 797.8544653751986,
        "inverse_median_rank": 0.007272727272727273,
        "inverse_geometric_mean_rank": 0.008544123641703876,
        "median_rank": 137.5,
        "z_geometric_mean_rank": 27.37641161511186,
        "harmonic_mean_rank": 14.98319484950533,
        "arithmetic_mean_rank": 472.3965517241379,
        "z_inverse_harmonic_mean_rank": 82.85334939539358,
        "geometric_mean_rank": 117.03950480292666,
        "count": 928.0,
        "adjusted_geometric_mean_rank_index": 0.8928752770668524,
        "adjusted_inverse_harmonic_mean_rank": 0.06401572553958308,
        "median_absolute_deviation": 126.02118857297617,
        "inverse_arithmetic_mean_rank": 0.002116865579035731,
        "adjusted_arithmetic_mean_rank_index": 0.6792931570038057,
        "hits_at_1": 0.04310344827586207,
        "hits_at_3": 0.05387931034482758,
        "hits_at_5": 0.07004310344827586,
        "z_hits_at_k": 52.91769351104384,
        "adjusted_hits_at_k": 0.10147039294358001
      }
    },
    "tail": {
      "optimistic": {
        "inverse_harmonic_mean_rank": 0.06302597738449572,
        "hits_at_10": 0.13577586206896552,
        "variance": 420265.3671306016,
        "z_arithmetic_mean_rank": 32.82782838981503,
        "adjusted_arithmetic_mean_rank": 0.3779887618108854,
        "standard_deviation": 648.2787726978275,
        "inverse_median_rank": 0.0029585798816568047,
        "inverse_geometric_mean_rank": 0.005471857473516305,
        "median_rank": 338.0,
        "z_geometric_mean_rank": 25.499189659025998,
        "harmonic_mean_rank": 15.866473500274479,
        "arithmetic_mean_rank": 554.1325431034483,
        "z_inverse_harmonic_mean_rank": 77.88408262807617,
        "geometric_mean_rank": 182.75329809666692,
        "count": 928.0,
        "adjusted_geometric_mean_rank_index": 0.8316378829413327,
        "adjusted_inverse_harmonic_mean_rank": 0.06028094120787491,
        "median_absolute_deviation": 426.24813782036057,
        "inverse_arithmetic_mean_rank": 0.0018046224002644705,
        "adjusted_arithmetic_mean_rank_index": 0.622435818458319,
        "hits_at_1": 0.034482758620689655,
        "hits_at_3": 0.059267241379310345,
        "hits_at_5": 0.08081896551724138,
        "z_hits_at_k": 69.14347680465808,
        "adjusted_hits_at_k": 0.13281664218590705
      },
      "realistic": {
        "inverse_harmonic_mean_rank": 0.06302597373723984,
        "hits_at_10": 0.13577586206896552,
        "variance": 420265.375,
        "z_arithmetic_mean_rank": 32.82782748058774,
        "adjusted_arithmetic_mean_rank": 0.3779887790386346,
        "standard_deviation": 648.27880859375,
        "inverse_median_rank": 0.002958579920232296,
        "inverse_geometric_mean_rank": 0.005471858661621809,
        "median_rank": 338.0,
        "z_geometric_mean_rank": 25.499190588231638,
        "harmonic_mean_rank": 15.866474151611328,
        "arithmetic_mean_rank": 554.132568359375,
        "z_inverse_harmonic_mean_rank": 77.88407790194901,
        "geometric_mean_rank": 182.75326538085938,
        "count": 928.0,
        "adjusted_geometric_mean_rank_index": 0.8316379132467119,
        "adjusted_inverse_harmonic_mean_rank": 0.06028093754993372,
        "median_absolute_deviation": 426.2481384277344,
        "inverse_arithmetic_mean_rank": 0.0018046223558485508,
        "adjusted_arithmetic_mean_rank_index": 0.6224358012188103,
        "hits_at_1": 0.034482758620689655,
        "hits_at_3": 0.059267241379310345,
        "hits_at_5": 0.08081896551724138,
        "z_hits_at_k": 69.14347680465808,
        "adjusted_hits_at_k": 0.13281664218590705
      },
      "pessimistic": {
        "inverse_harmonic_mean_rank": 0.06302597738449572,
        "hits_at_10": 0.13577586206896552,
        "variance": 420265.3671306016,
        "z_arithmetic_mean_rank": 32.82782838981503,
        "adjusted_arithmetic_mean_rank": 0.3779887618108854,
        "standard_deviation": 648.2787726978275,
        "inverse_median_rank": 0.0029585798816568047,
        "inverse_geometric_mean_rank": 0.005471857473516305,
        "median_rank": 338.0,
        "z_geometric_mean_rank": 25.499189659025998,
        "harmonic_mean_rank": 15.866473500274479,
        "arithmetic_mean_rank": 554.1325431034483,
        "z_inverse_harmonic_mean_rank": 77.88408262807617,
        "geometric_mean_rank": 182.75329809666692,
        "count": 928.0,
        "adjusted_geometric_mean_rank_index": 0.8316378829413327,
        "adjusted_inverse_harmonic_mean_rank": 0.06028094120787491,
        "median_absolute_deviation": 426.24813782036057,
        "inverse_arithmetic_mean_rank": 0.0018046224002644705,
        "adjusted_arithmetic_mean_rank_index": 0.622435818458319,
        "hits_at_1": 0.034482758620689655,
        "hits_at_3": 0.059267241379310345,