{
  "best_parameters": {
    "embedding_dim": 100,
    "num_negatives": 1,
    "learning_rate": 0.001,
    "batch_size": 256,
    "early_stopping": true,
    "patience": 5,
    "relative_delta": 0.002,
    "num_epochs": 100,
    "scoring_fct_norm": 2
  },
  "metrics": {
    "head": {
      "optimistic": {
        "inverse_harmonic_mean_rank": 0.09742900619026049,
        "hits_at_10": 0.11961206896551724,
        "variance": 102126.23400341855,
        "z_arithmetic_mean_rank": 45.082792353006624,
        "adjusted_arithmetic_mean_rank": 0.14585971651413418,
        "standard_deviation": 319.5719543442737,
        "inverse_median_rank": 0.007936507936507936,
        "inverse_geometric_mean_rank": 0.011958598898136068,
        "median_rank": 126.0,
        "z_geometric_mean_rank": 28.32220776629054,
        "harmonic_mean_rank": 10.26388381758907,
        "arithmetic_mean_rank": 214.5301724137931,
        "z_inverse_harmonic_mean_rank": 122.68418499554434,
        "geometric_mean_rank": 83.62183634705445,
        "count": 928.0,
        "adjusted_geometric_mean_rank_index": 0.9237220138512747,
        "adjusted_inverse_harmonic_mean_rank": 0.09479280862712199,
        "median_absolute_deviation": 126.02118857297617,
        "inverse_arithmetic_mean_rank": 0.004661348978320708,
        "adjusted_arithmetic_mean_rank_index": 0.8547214111721462,
        "hits_at_1": 0.07327586206896551,
        "hits_at_3": 0.09375,
        "hits_at_5": 0.10775862068965517,
        "z_hits_at_k": 60.81060860530078,
        "adjusted_hits_at_k": 0.11660793319111108
      },
      "realistic": {
        "inverse_harmonic_mean_rank": 0.09742900729179382,
        "hits_at_10": 0.11961206896551724,
        "variance": 102126.46875,
        "z_arithmetic_mean_rank": 45.08277284778096,
        "adjusted_arithmetic_mean_rank": 0.14586008606087494,
        "standard_deviation": 319.57232666015625,
        "inverse_median_rank": 0.007936508394777775,
        "inverse_geometric_mean_rank": 0.01195858046412468,
        "median_rank": 126.0,
        "z_geometric_mean_rank": 28.32220416697479,
        "harmonic_mean_rank": 10.263883590698242,
        "arithmetic_mean_rank": 214.5307159423828,
        "z_inverse_harmonic_mean_rank": 122.68418642535147,
        "geometric_mean_rank": 83.62196350097656,
        "count": 928.0,
        "adjusted_geometric_mean_rank_index": 0.9237218964604549,
        "adjusted_inverse_harmonic_mean_rank": 0.09479280973187264,
        "median_absolute_deviation": 126.02119445800781,
        "inverse_arithmetic_mean_rank": 0.00466133700683713,
        "adjusted_arithmetic_mean_rank_index": 0.8547210413739785,
        "hits_at_1": 0.07327586206896551,
        "hits_at_3": 0.09375,
        "hits_at_5": 0.10775862068965517,
        "z_hits_at_k": 60.81060860530078,
        "adjusted_hits_at_k": 0.11660793319111108
      },
      "pessimistic": {
        "inverse_harmonic_mean_rank": 0.097429000348735,
        "hits_at_10": 0.11961206896551724,
        "variance": 102126.69729929957,
        "z_arithmetic_mean_rank": 45.08275368243338,
        "adjusted_arithmetic_mean_rank": 0.1458604491682727,
        "standard_deviation": 319.572679212882,
        "inverse_median_rank": 0.007936507936507936,
        "inverse_geometric_mean_rank": 0.011958568894851137,
        "median_rank": 126.0,
        "z_geometric_mean_rank": 28.32220182747983,
        "harmonic_mean_rank": 10.26388443297811,
        "arithmetic_mean_rank": 214.53125,
        "z_inverse_harmonic_mean_rank": 122.68417741315484,
        "geometric_mean_rank": 83.6220461488965,
        "count": 928.0,
        "adjusted_geometric_mean_rank_index": 0.9237218201583879,
        "adjusted_inverse_harmonic_mean_rank": 0.09479280276853477,
        "median_absolute_deviation": 126.02118857297617,
        "inverse_arithmetic_mean_rank": 0.004661325564457392,
        "adjusted_arithmetic_mean_rank_index": 0.8547206780195349,
        "hits_at_1": 0.07327586206896551,
        "hits_at_3": 0.09375,
        "hits_at_5": 0.10775862068965517,
        "z_hits_at_k": 60.81060860530078,
        "adjusted_hits_at_k": 0.11660793319111108
      }
    },
    "tail": {
      "optimistic": {
        "inverse_harmonic_mean_rank": 0.0294770616579865,
        "hits_at_10": 0.0603448275862069,
        "variance": 1135311.4177957324,
        "z_arithmetic_mean_rank": 9.4762307326044,
        "adjusted_arithmetic_mean_rank": 0.8204469898708071,
        "standard_deviation": 1065.5099332224606,
        "inverse_median_rank": 0.0009174311926605505,
        "inverse_geometric_mean_rank": 0.002304327558445002,
        "median_rank": 1090.0,
        "z_geometric_mean_rank": 18.364779783581135,
        "harmonic_mean_rank": 33.92468393229623,
        "arithmetic_mean_rank": 1202.8415948275863,
        "z_inverse_harmonic_mean_rank": 34.412265107005915,
        "geometric_mean_rank": 433.96608105265045,
        "count": 928.0,
        "adjusted_geometric_mean_rank_index": 0.5989543166276148,
        "adjusted_inverse_harmonic_mean_rank": 0.02663386061135019,
        "median_absolute_deviation": 1490.7565307073828,
        "inverse_arithmetic_mean_rank": 0.0008313646653891601,
        "adjusted_arithmetic_mean_rank_index": 0.17967556514991578,
        "hits_at_1": 0.010775862068965518,
        "hits_at_3": 0.028017241379310345,
        "hits_at_5": 0.03556034482758621,
        "z_hits_at_k": 29.74091474675453,
        "adjusted_hits_at_k": 0.05712747798288778
      },
      "realistic": {
        "inverse_harmonic_mean_rank": 0.029477063566446304,
        "hits_at_10": 0.0603448275862069,
        "variance": 1135312.5,
        "z_arithmetic_mean_rank": 9.476210276126949,
        "adjusted_arithmetic_mean_rank": 0.820447377474508,
        "standard_deviation": 1065.510498046875,
        "inverse_median_rank": 0.0009174311999231577,
        "inverse_geometric_mean_rank": 0.0023043269757181406,
        "median_rank": 1090.0,
        "z_geometric_mean_rank": 18.364776788116586,
        "harmonic_mean_rank": 33.9246826171875,
        "arithmetic_mean_rank": 1202.8421630859375,
        "z_inverse_harmonic_mean_rank": 34.412267580054134,
        "geometric_mean_rank": 433.9661865234375,
        "count": 928.0,
        "adjusted_geometric_mean_rank_index": 0.5989542189326551,
        "adjusted_inverse_harmonic_mean_rank": 0.026633862525400936,
        "median_absolute_deviation": 1490.756591796875,
        "inverse_arithmetic_mean_rank": 0.0008313642465509474,
        "adjusted_arithmetic_mean_rank_index": 0.1796751772816536,
        "hits_at_1": 0.010775862068965518,
        "hits_at_3": 0.028017241379310345,
        "hits_at_5": 0.03556034482758621,
        "z_hits_at_k": 29.74091474675453,
        "adjusted_hits_at_k": 0.05712747798288778
      },
      "pessimistic": {
        "inverse_harmonic_mean_rank": 0.029477061422134375,
        "hits_at_10": 0.0603448275862069,
        "variance": 1135313.4321445823,
        "z_arithmetic_mean_rank": 9.476191941061984,
        "adjusted_arithmetic_mean_rank": 0.8204477248822696,
        "standard_deviation": 1065.5108784731306,
        "inverse_median_rank": 0.0009174311926605505,
        "inverse_geometric_mean_rank": 0.002304326396755638,
        "median_rank": 1090.0,
        "z_geometric_mean_rank": 18.36477357011691,
        "harmonic_mean_rank": 33.924684203734714,
        "arithmetic_mean_rank": 1202.842672413793,
        "z_inverse_harmonic_mean_rank": 34.41226480138057,
        "geometric_mean_rank": 433.96629982972195,
        "count": 928.0,
        "adjusted_geometric_mean_rank_index": 0.5989541139798695,
        "adjusted_inverse_harmonic_mean_rank": 0.026633860374807125,
        "median_absolute_deviation": 1490.7565307073828,
        "inverse_arithmetic_mean_rank": 0.0008313639205975787,
        "adjusted_arithmetic_mean_rank_index": 0.17967482963676684,
        "hits_at_1": 0.010775862068965518,
        "hits_at_3": 0.028017241379310345,
        "hits_at_5": 0.03556034482758621,