{
  "best_parameters": {
    "embedding_dim": 100,
    "num_negatives": 1,
    "learning_rate": 0.001,
    "batch_size": 256,
    "early_stopping": true,
    "patience": 5,
    "relative_delta": 0.002,
    "num_epochs": 100,
    "scoring_fct_norm": 2
  },
  "metrics": {
    "mean_reciprocal_rank": 0.09005031734704971,
    "hits_at_1": 0.06950431034482758,
    "hits_at_3": 0.08512931034482758,
    "hits_at_10": 0.12122844827586207
  }
}