Model,MRR,Hits@1,Hits@3,Hits@10
TransE,0.02470307983458042,0.0010775862068965517,0.02478448275862069,0.06573275862068965
TransH,0.15146268904209137,0.11907327586206896,0.15247844827586207,0.20689655172413793
RotatE,0.09005031734704971,0.06950431034482758,0.08512931034482758,0.12122844827586207
DistMult,0.12704944610595703,0.11584051724137931,0.12877155172413793,0.14385775862068967
